date,open,high,low,close,volume
2022-06-09,4.996200084686279,4.996200084686279,4.996200084686279,4.996200084686279,0
2022-06-10,4.963699817657471,4.963699817657471,4.963699817657471,4.963699817657471,0
2022-06-13,4.876100063323975,4.878699779510498,4.876100063323975,4.878699779510498,0
2022-06-14,4.8780999183654785,4.8780999183654785,4.856100082397461,4.856100082397461,0
2022-06-15,4.8541998863220215,4.881400108337402,4.8541998863220215,4.881400108337402,0
2022-06-16,4.82919979095459,4.867000102996826,4.82919979095459,4.867000102996826,0
2022-06-17,4.861100196838379,4.874899864196777,4.861100196838379,4.863100051879883,0
2022-06-20,4.867499828338623,4.8703999519348145,4.854499816894531,4.854499816894531,0
2022-06-21,4.849599838256836,4.861599922180176,4.849599838256836,4.855199813842773,0
2022-06-22,4.870699882507324,4.881999969482422,4.868599891662598,4.881999969482422,0
2022-06-23,4.874800205230713,4.9182000160217285,4.874800205230713,4.9182000160217285,0
2022-06-24,4.921199798583984,4.921199798583984,4.896900177001953,4.911600112915039,0
2022-06-27,4.906000137329102,4.906000137329102,4.88730001449585,4.88730001449585,0
2022-06-28,4.88100004196167,4.88100004196167,4.858699798583984,4.86460018157959,0
2022-06-29,4.860099792480469,4.872000217437744,4.8572001457214355,4.872000217437744,0
2022-06-30,4.878699779510498,4.903900146484375,4.878699779510498,4.903900146484375,0
2022-07-01,4.906799793243408,4.94290018081665,4.906799793243408,4.94290018081665,0
2022-07-04,4.933000087738037,4.933000087738037,4.914400100708008,4.914400100708008,0
2022-07-05,4.925099849700928,4.9618000984191895,4.925099849700928,4.9618000984191895,6000
2022-07-06,4.959400177001953,4.991000175476074,4.959400177001953,4.991000175476074,0
2022-07-07,4.9822001457214355,4.9822001457214355,4.976399898529053,4.978000164031982,0
2022-07-08,4.980400085449219,4.998499870300293,4.980400085449219,4.985799789428711,4000
2022-07-11,4.992499828338623,5.010000228881836,4.992499828338623,5.010000228881836,0
2022-07-12,5.014800071716309,5.052999973297119,5.014800071716309,5.0441999435424805,10000
2022-07-13,5.0329999923706055,5.03439998626709,5.004199981689453,5.025199890136719,8000
2022-07-14,5.015999794006348,5.015999794006348,4.991799831390381,4.997000217437744,2000
2022-07-15,5.021200180053711,5.0279998779296875,5.011199951171875,5.025199890136719,2000
2022-07-18,5.01140022277832,5.017399787902832,5.01140022277832,5.013999938964844,4000
2022-07-19,5.022600173950195,5.022600173950195,5.001800060272217,5.019800186157227,0
2022-07-20,5.020999908447266,5.043000221252441,5.020999908447266,5.036200046539307,0
2022-07-21,5.0278000831604,5.063399791717529,4.999899864196777,5.042399883270264,20000
2022-07-22,5.0503997802734375,5.12060022354126,5.0503997802734375,5.12060022354126,0
2022-07-25,5.113999843597412,5.116799831390381,5.109399795532227,5.116799831390381,0
2022-07-26,5.117400169372559,5.129799842834473,5.107399940490723,5.107399940490723,12000
2022-07-27,5.100800037384033,5.121600151062012,5.095200061798096,5.11460018157959,4000
2022-07-28,5.105199813842773,5.16480016708374,5.105199813842773,5.16480016708374,0
2022-07-29,5.157800197601318,5.166399955749512,5.1468000411987305,5.166399955749512,0
2022-08-01,5.160399913787842,5.17080020904541,5.158999919891357,5.17080020904541,2000
2022-08-02,5.1774001121521,5.1774001121521,5.160600185394287,5.160600185394287,0
2022-08-03,5.151800155639648,5.151800155639648,5.145400047302246,5.149600028991699,0
2022-08-04,5.149600028991699,5.160200119018555,5.149600028991699,5.15500020980835,0
2022-08-05,5.15339994430542,5.15339994430542,5.125400066375732,5.125400066375732,0
2022-08-08,5.13539981842041,5.143199920654297,5.13539981842041,5.141600131988525,14000
2022-08-09,5.14300012588501,5.14300012588501,5.125,5.125,2000
2022-08-10,5.124199867248535,5.148799896240234,5.119999885559082,5.148799896240234,0
2022-08-11,5.149199962615967,5.149199962615967,5.132199764251709,5.132199764251709,0
2022-08-12,5.125800132751465,5.135200023651123,5.125800132751465,5.128600120544434,0
2022-08-15,5.132800102233887,5.144999980926514,5.132800102233887,5.144999980926514,0
2022-08-16,5.1458001136779785,5.1458001136779785,5.1265997886657715,5.1265997886657715,0
2022-08-17,5.118000030517578,5.118000030517578,5.080399990081787,5.080999851226807,100
2022-08-18,5.066199779510498,5.0817999839782715,5.064199924468994,5.073400020599365,6000
2022-08-19,5.052000045776367,5.056000232696533,5.026800155639648,5.026800155639648,6059
2022-08-22,5.033999919891357,5.033999919891357,4.998300075531006,4.998300075531006,0
2022-08-23,4.997700214385986,5.00540018081665,4.997700214385986,5.00540018081665,0
2022-08-24,4.991799831390381,5.003600120544434,4.991799831390381,5.003600120544434,0
2022-08-25,5.007999897003174,5.030799865722656,5.007999897003174,5.030799865722656,6000
2022-08-26,5.026800155639648,5.026800155639648,4.986700057983398,4.986700057983398,0
2022-08-29,4.9552998542785645,4.964300155639648,4.9552998542785645,4.9593000411987305,20
2022-08-30,4.957099914550781,4.972799777984619,4.945400238037109,4.945400238037109,0
2022-08-31,4.947199821472168,4.947199821472168,4.926599979400635,4.928100109100342,0
2022-09-01,4.90939998626709,4.920899868011475,4.90939998626709,4.920899868011475,0
2022-09-02,4.931399822235107,4.954699993133545,4.922500133514404,4.954699993133545,0
2022-09-05,4.935100078582764,4.935100078582764,4.918799877166748,4.927000045776367,0
2022-09-06,4.958600044250488,4.958600044250488,4.926000118255615,4.926000118255615,0
2022-09-07,4.92140007019043,4.946400165557861,4.92140007019043,4.939000129699707,12
2022-09-08,4.948200225830078,4.948200225830078,4.915800094604492,4.9217000007629395,10701
2022-09-09,4.912899971008301,4.932700157165527,4.912899971008301,4.922299861907959,0
2022-09-12,4.91540002822876,4.942800045013428,4.91540002822876,4.942800045013428,0
2022-09-13,4.937699794769287,4.937900066375732,4.919899940490723,4.919899940490723,6000
2022-09-14,4.921000003814697,4.928400039672852,4.9029998779296875,4.928400039672852,6001
2022-09-15,4.919099807739258,4.919099807739258,4.90310001373291,4.906099796295166,4000
2022-09-16,4.88730001449585,4.8902997970581055,4.883399963378906,4.8902997970581055,1
2022-09-19,4.894499778747559,4.894499778747559,4.882299900054932,4.888700008392334,0
2022-09-20,4.85699987411499,4.860499858856201,4.849800109863281,4.849800109863281,4000
2022-09-21,4.860300064086914,4.860300064086914,4.853899955749512,4.855100154876709,0
2022-09-22,4.855199813842773,4.855199813842773,4.823699951171875,4.823699951171875,12000
2022-09-23,4.823800086975098,4.823800086975098,4.786499977111816,4.808499813079834,0
2022-09-26,4.779600143432617,4.780300140380859,4.776100158691406,4.780300140380859,2000
2022-09-27,4.777299880981445,4.7891998291015625,4.75439977645874,4.75439977645874,16000
2022-09-28,4.734000205993652,4.770299911499023,4.734000205993652,4.768799781799316,12435
2022-09-29,4.759799957275391,4.759799957275391,4.735599994659424,4.744999885559082,6000
2022-09-30,4.778500080108643,4.778500080108643,4.773200035095215,4.773200035095215,0
2022-10-03,4.754799842834473,4.809000015258789,4.754799842834473,4.809000015258789,0
2022-10-04,4.823299884796143,4.848299980163574,4.823299884796143,4.83519983291626,0
2022-10-05,4.829800128936768,4.829800128936768,4.802299976348877,4.80620002746582,2001
2022-10-06,4.799200057983398,4.799200057983398,4.788899898529053,4.788899898529053,0
2022-10-07,4.774099826812744,4.774099826812744,4.740699768066406,4.7581000328063965,435
2022-10-10,4.754199981689453,4.762199878692627,4.73360013961792,4.735799789428711,28092
2022-10-11,4.732399940490723,4.733099937438965,4.731200218200684,4.731200218200684,2000
2022-10-12,4.725800037384033,4.725800037384033,4.717100143432617,4.719299793243408,0
2022-10-13,4.713900089263916,4.725500106811523,4.698699951171875,4.724800109863281,38457
2022-10-14,4.752399921417236,4.767000198364258,4.713399887084961,4.713399887084961,20860
2022-10-17,4.733500003814697,4.7357001304626465,4.730100154876709,4.730100154876709,0
2022-10-18,4.732500076293945,4.736999988555908,4.732500076293945,4.736999988555908,0
2022-10-19,4.730000019073486,4.730000019073486,4.713099956512451,4.713099956512451,0
2022-10-20,4.69920015335083,4.7129998207092285,4.69920015335083,4.7129998207092285,0
2022-10-21,4.690999984741211,4.703700065612793,4.678500175476074,4.703700065612793,0
2022-10-24,4.731299877166748,4.731299877166748,4.724800109863281,4.724800109863281,0
2022-10-25,4.740699768066406,4.758500099182129,4.736800193786621,4.758500099182129,0
2022-10-26,4.758600234985352,4.7642998695373535,4.753399848937988,4.7642998695373535,0
2022-10-27,4.757199764251709,4.795599937438965,4.745699882507324,4.795599937438965,0
2022-10-28,4.78410005569458,4.78410005569458,4.766200065612793,4.775199890136719,0
2022-10-31,4.769599914550781,4.769599914550781,4.758900165557861,4.758900165557861,0
2022-11-01,4.777599811553955,4.792399883270264,4.774499893188477,4.774499893188477,0
2022-11-02,4.779399871826172,4.781700134277344,4.772500038146973,4.781700134277344,2
2022-11-03,4.752099990844727,4.753600120544434,4.7515997886657715,4.7515997886657715,0
2022-11-04,4.756700038909912,4.760200023651123,4.756700038909912,4.757199764251709,12
2022-11-07,4.7459001541137695,4.76669979095459,4.7459001541137695,4.757400035858154,0
2022-11-08,4.7571001052856445,4.771299839019775,4.7571001052856445,4.771299839019775,0
2022-11-09,4.782400131225586,4.784599781036377,4.7789998054504395,4.784599781036377,0
2022-11-10,4.785200119018555,4.842100143432617,4.785200119018555,4.842100143432617,16650
2022-11-11,4.831999778747559,4.845600128173828,4.827099800109863,4.827099800109863,24105
2022-11-14,4.82919979095459,4.8368000984191895,4.82919979095459,4.829400062561035,0
2022-11-15,4.831200122833252,4.841800212860107,4.831200122833252,4.841700077056885,0
2022-11-16,4.839600086212158,4.855000019073486,4.839600086212158,4.855000019073486,0
2022-11-17,4.896699905395508,4.8968000411987305,4.847700119018555,4.847700119018555,22350
2022-11-18,4.821400165557861,4.8597002029418945,4.821400165557861,4.8597002029418945,16200
2022-11-21,4.854400157928467,4.867400169372559,4.854400157928467,4.867400169372559,0
2022-11-22,4.862599849700928,4.880899906158447,4.862599849700928,4.880899906158447,0
2022-11-23,4.8780999183654785,4.889999866485596,4.869900226593018,4.889999866485596,4000
2022-11-24,4.911300182342529,4.923600196838379,4.906000137329102,4.90939998626709,55607
2022-11-25,4.90910005569458,4.90910005569458,4.886099815368652,4.886099815368652,4000
2022-11-28,4.896100044250488,4.896100044250488,4.876200199127197,4.885700225830078,0
2022-11-29,4.905399799346924,4.908899784088135,4.904200077056885,4.904200077056885,0
2022-11-30,4.894100189208984,4.902699947357178,4.894100189208984,4.902699947357178,58252
2022-12-01,4.933000087738037,4.949999809265137,4.933000087738037,4.948800086975098,4000
2022-12-02,4.947700023651123,4.966400146484375,4.947500228881836,4.947500228881836,2000
2022-12-05,4.944200038909912,4.954500198364258,4.941299915313721,4.941299915313721,4011
2022-12-06,4.939799785614014,4.954999923706055,4.939799785614014,4.952700138092041,7720
2022-12-07,4.959700107574463,4.959700107574463,4.9527997970581055,4.958799839019775,0
2022-12-08,4.961999893188477,4.965000152587891,4.948599815368652,4.948599815368652,29500
2022-12-09,4.939799785614014,4.966300010681152,4.92710018157959,4.92710018157959,32984
2022-12-12,4.924900054931641,4.930200099945068,4.920499801635742,4.920499801635742,0
2022-12-13,4.92140007019043,4.955599784851074,4.917900085449219,4.94350004196167,40814
2022-12-14,4.938000202178955,4.942999839782715,4.929900169372559,4.942999839782715,24723
2022-12-15,4.9421000480651855,4.946300029754639,4.883999824523926,4.883999824523926,48634
2022-12-16,4.865799903869629,4.866300106048584,4.8506999015808105,4.866300106048584,7712
2022-12-19,4.866099834442139,4.866099834442139,4.860799789428711,4.860799789428711,0
2022-12-20,4.845600128173828,4.851399898529053,4.841899871826172,4.841899871826172,45623
2022-12-21,4.846199989318848,4.855400085449219,4.846199989318848,4.8541998863220215,30848
2022-12-22,4.855999946594238,4.861199855804443,4.842400074005127,4.842400074005127,11568
2022-12-23,4.843999862670898,4.843999862670898,4.839000225067139,4.839000225067139,9527
2022-12-27,4.832300186157227,4.832300186157227,4.820400238037109,4.821800231933594,2330
2022-12-28,4.816500186920166,4.828700065612793,4.816500186920166,4.821700096130371,37892
2022-12-29,4.824100017547607,4.849299907684326,4.823500156402588,4.849299907684326,35840
2022-12-30,4.845799922943115,4.8471999168396,4.834499835968018,4.8368000984191895,65552
2023-01-02,4.834000110626221,4.85699987411499,4.834000110626221,4.856200218200684,0
2023-01-03,4.8495001792907715,4.863900184631348,4.847899913787842,4.854499816894531,14188
2023-01-04,4.872399806976318,4.877900123596191,4.868599891662598,4.876800060272217,34704
2023-01-05,4.875100135803223,4.875100135803223,4.863399982452393,4.863399982452393,800
2023-01-06,4.866199970245361,4.894999980926514,4.864799976348877,4.892099857330322,3898
2023-01-09,4.884799957275391,4.889500141143799,4.882500171661377,4.889500141143799,3856
2023-01-10,4.882800102233887,4.882800102233887,4.869100093841553,4.869100093841553,14131
2023-01-11,4.882800102233887,4.894599914550781,4.882800102233887,4.894599914550781,33455
2023-01-12,4.907299995422363,4.9156999588012695,4.907299995422363,4.9156999588012695,7712
2023-01-13,4.916399955749512,4.927000045776367,4.916399955749512,4.918300151824951,4805
2023-01-16,4.919400215148926,4.9197001457214355,4.9096999168396,4.918700218200684,14691
2023-01-17,4.913700103759766,4.948299884796143,4.913700103759766,4.948299884796143,11568
2023-01-18,4.9481000900268555,4.965099811553955,4.9481000900268555,4.965099811553955,5905
2023-01-19,4.961599826812744,4.961599826812744,4.937699794769287,4.938799858093262,11568
2023-01-20,4.933599948883057,4.933599948883057,4.921999931335449,4.921999931335449,42
2023-01-23,4.9217000007629395,4.9274001121521,4.9217000007629395,4.92710018157959,15424
2023-01-24,4.932600021362305,4.936800003051758,4.927199840545654,4.936800003051758,3856
2023-01-25,4.938799858093262,4.949999809265137,4.938799858093262,4.9390997886657715,7790
2023-01-26,4.943900108337402,4.943900108337402,4.933700084686279,4.933700084686279,0
2023-01-27,4.928699970245361,4.930600166320801,4.9222002029418945,4.930600166320801,0
2023-01-30,4.921599864959717,4.921599864959717,4.908199787139893,4.908199787139893,0
2023-01-31,4.920000076293945,4.920000076293945,4.911300182342529,4.915800094604492,0
2023-02-01,4.9156999588012695,4.92549991607666,4.9156999588012695,4.917699813842773,5156
2023-02-02,4.93310022354126,4.998700141906738,4.93310022354126,4.994900226593018,26992
2023-02-03,4.985300064086914,4.985300064086914,4.9710001945495605,4.9710001945495605,7550
2023-02-06,4.947000026702881,4.947000026702881,4.946100234985352,4.946100234985352,0
2023-02-07,4.947800159454346,4.947800159454346,4.936699867248535,4.940999984741211,3856
2023-02-08,4.936399936676025,4.936399936676025,4.926599979400635,4.930300235748291,3856
2023-02-09,4.9475998878479,4.953000068664551,4.942599773406982,4.942599773406982,9335
2023-02-10,4.9319000244140625,4.933599948883057,4.919400215148926,4.9217000007629395,30848
2023-02-13,4.923799991607666,4.923799991607666,4.9131999015808105,4.914100170135498,28292
2023-02-14,4.921199798583984,4.921199798583984,4.899400234222412,4.899400234222412,942
2023-02-15,4.902200222015381,4.902200222015381,4.894999980926514,4.894999980926514,7712
2023-02-16,4.899099826812744,4.899099826812744,4.896900177001953,4.897500038146973,0
2023-02-17,4.878300189971924,4.898600101470947,4.878300189971924,4.898600101470947,0
2023-02-20,4.9019999504089355,4.902200222015381,4.895699977874756,4.895699977874756,5482
2023-02-21,4.889800071716309,4.889800071716309,4.868800163269043,4.869699954986572,49314
2023-02-22,4.871500015258789,4.871500015258789,4.861400127410889,4.870299816131592,1918
2023-02-23,4.871099948883057,4.886499881744385,4.871099948883057,4.886499881744385,0
2023-02-24,4.8933000564575195,4.8933000564575195,4.853799819946289,4.857399940490723,53984
2023-02-27,4.867599964141846,4.867599964141846,4.8566999435424805,4.857100009918213,7712
2023-02-28,4.838200092315674,4.839099884033203,4.822999954223633,4.834199905395508,19280
2023-03-01,4.822299957275391,4.828000068664551,4.817200183868408,4.817200183868408,0
2023-03-02,4.807300090789795,4.823800086975098,4.807300090789795,4.816699981689453,0
2023-03-03,4.822000026702881,4.8246002197265625,4.822000026702881,4.82390022277832,0
2023-03-06,4.831200122833252,4.831200122833252,4.822299957275391,4.822299957275391,0
2023-03-07,4.832099914550781,4.836999893188477,4.82420015335083,4.82420015335083,23705
2023-03-08,4.818600177764893,4.825399875640869,4.81790018081665,4.825399875640869,11568
2023-03-09,4.816299915313721,4.831900119781494,4.816299915313721,4.831900119781494,3480
2023-03-10,4.85260009765625,4.854100227355957,4.848599910736084,4.854100227355957,0
2023-03-13,4.868199825286865,4.89109992980957,4.866099834442139,4.866099834442139,5956
2023-03-14,4.891499996185303,4.891499996185303,4.836599826812744,4.839099884033203,2895
2023-03-15,4.829100131988525,4.874599933624268,4.829100131988525,4.874599933624268,0
2023-03-16,4.868299961090088,4.868299961090088,4.847499847412109,4.847499847412109,3483
2023-03-17,4.853799819946289,4.855899810791016,4.834700107574463,4.847700119018555,11700
2023-03-20,4.873199939727783,4.873199939727783,4.860400199890137,4.870100021362305,0
2023-03-21,4.866700172424316,4.879499912261963,4.866700172424316,4.867599964141846,41734
2023-03-22,4.854000091552734,4.859899997711182,4.854000091552734,4.856100082397461,4620
2023-03-23,4.872900009155273,4.88730001449585,4.872900009155273,4.88730001449585,29108
2023-03-24,4.895599842071533,4.895599842071533,4.8907999992370605,4.8907999992370605,0
2023-03-27,4.882400035858154,4.882400035858154,4.867000102996826,4.871200084686279,8025
2023-03-28,4.861400127410889,4.861400127410889,4.855299949645996,4.856800079345703,10566
2023-03-29,4.852499961853027,4.863800048828125,4.852499961853027,4.861599922180176,20111
2023-03-30,4.884500026702881,4.884500026702881,4.857100009918213,4.857100009918213,2170
2023-03-31,4.856900215148926,4.888400077819824,4.856900215148926,4.888400077819824,64461
2023-04-03,4.883600234985352,4.899199962615967,4.883399963378906,4.899199962615967,0
2023-04-04,4.8907999992370605,4.89900016784668,4.8907999992370605,4.89900016784668,6
2023-04-05,4.895599842071533,4.917300224304199,4.890100002288818,4.915200233459473,7712
2023-04-06,4.91349983215332,4.9274001121521,4.91349983215332,4.916800022125244,5386
2023-04-11,4.900899887084961,4.908400058746338,4.8902997970581055,4.8902997970581055,4000
2023-04-12,4.8892998695373535,4.894000053405762,4.881100177764893,4.886600017547607,19280
2023-04-13,4.89739990234375,4.89739990234375,4.889800071716309,4.889900207519531,0
2023-04-14,4.8850998878479,4.899199962615967,4.882500171661377,4.882500171661377,15424
2023-04-17,4.886600017547607,4.888000011444092,4.880000114440918,4.8821001052856445,19341
2023-04-18,4.878600120544434,4.892199993133545,4.878600120544434,4.8867998123168945,15424
2023-04-19,4.8780999183654785,4.881800174713135,4.8765997886657715,4.877799987792969,7
2023-04-20,4.882999897003174,4.887599945068359,4.880300045013428,4.887599945068359,17325
2023-04-21,4.89109992980957,4.89109992980957,4.8780999183654785,4.8780999183654785,0
2023-04-24,4.883999824523926,4.883999824523926,4.8730998039245605,4.8730998039245605,12150
2023-04-25,4.880099773406982,4.8927998542785645,4.880099773406982,4.8927998542785645,3856
2023-04-26,4.899899959564209,4.899899959564209,4.88539981842041,4.88539981842041,0
2023-04-27,4.879700183868408,4.889400005340576,4.875800132751465,4.875800132751465,0
2023-04-28,4.8805999755859375,4.910200119018555,4.8805999755859375,4.910200119018555,19280
2023-05-02,4.898099899291992,4.920199871063232,4.898099899291992,4.920199871063232,9381
2023-05-03,4.920599937438965,4.926499843597412,4.917600154876709,4.917600154876709,20767
2023-05-04,4.916800022125244,4.928199768066406,4.909999847412109,4.928199768066406,1
2023-05-05,4.922299861907959,4.922299861907959,4.914599895477295,4.9197998046875,922
2023-05-08,4.92579984664917,4.92579984664917,4.91379976272583,4.9166998863220215,4086
2023-05-09,4.9105000495910645,4.9131999015808105,4.905900001525879,4.905900001525879,0
2023-05-10,4.901500225067139,4.915800094604492,4.901500225067139,4.915800094604492,0
2023-05-11,4.923699855804443,4.928299903869629,4.923699855804443,4.928299903869629,0
2023-05-12,4.922399997711182,4.922900199890137,4.919000148773193,4.919000148773193,0
2023-05-15,4.914000034332275,4.914000034332275,4.909999847412109,4.909999847412109,0
2023-05-16,4.916600227355957,4.916600227355957,4.8933000564575195,4.8933000564575195,18
2023-05-17,4.894199848175049,4.894999980926514,4.8881001472473145,4.8881001472473145,9662
2023-05-18,4.882400035858154,4.88539981842041,4.875,4.875,11330
2023-05-19,4.888400077819824,4.892099857330322,4.877999782562256,4.889500141143799,29006
2023-05-22,4.8867998123168945,4.889999866485596,4.8755998611450195,4.8755998611450195,4070
2023-05-23,4.871799945831299,4.877500057220459,4.867300033569336,4.877500057220459,0
2023-05-24,4.866499900817871,4.879899978637695,4.866499900817871,4.874300003051758,350
2023-05-25,4.86870002746582,4.873300075531006,4.867000102996826,4.867000102996826,0
2023-05-26,4.864099979400635,4.873199939727783,4.86299991607666,4.86959981918335,3000
2023-05-29,4.875400066375732,4.886899948120117,4.875400066375732,4.886899948120117,0
2023-05-30,4.894000053405762,4.906300067901611,4.894000053405762,4.902299880981445,8370
2023-05-31,4.914299964904785,4.920400142669678,4.9120001792907715,4.916500091552734,39704
2023-06-01,4.915200233459473,4.927700042724609,4.915200233459473,4.927700042724609,3856
2023-06-02,4.9257001876831055,4.9257001876831055,4.918099880218506,4.918099880218506,4062
2023-06-05,4.904200077056885,4.904200077056885,4.901199817657471,4.90339994430542,0
2023-06-06,4.9019999504089355,4.918399810791016,4.9019999504089355,4.911600112915039,6000
2023-06-07,4.911499977111816,4.911499977111816,4.893099784851074,4.893099784851074,0
2023-06-08,4.8871002197265625,4.903200149536133,4.8871002197265625,4.902100086212158,7196
2023-06-09,4.904099941253662,4.911399841308594,4.903299808502197,4.911399841308594,3856
2023-06-12,4.914100170135498,4.918600082397461,4.914100170135498,4.915900230407715,0
2023-06-13,4.918499946594238,4.918499946594238,4.903299808502197,4.903299808502197,8
2023-06-14,4.898099899291992,4.902299880981445,4.898099899291992,4.902299880981445,0
2023-06-15,4.895899772644043,4.895899772644043,4.88640022277832,4.8867998123168945,0
2023-06-16,4.88040018081665,4.89769983291626,4.88040018081665,4.89769983291626,0
2023-06-19,4.901299953460693,4.901299953460693,4.885200023651123,4.885200023651123,12025
2023-06-20,4.890100002288818,4.904600143432617,4.890100002288818,4.904600143432617,0
2023-06-21,4.894400119781494,4.901299953460693,4.894400119781494,4.894899845123291,0
2023-06-22,4.890600204467773,4.890600204467773,4.880899906158447,4.880899906158447,0
2023-06-23,4.882800102233887,4.911399841308594,4.882800102233887,4.904300212860107,1500
2023-06-26,4.90310001373291,4.915599822998047,4.90310001373291,4.912700176239014,0
2023-06-27,4.910099983215332,4.910099983215332,4.899400234222412,4.899400234222412,4
2023-06-28,4.9039998054504395,4.911200046539307,4.9039998054504395,4.910600185394287,0
2023-06-29,4.902299880981445,4.908999919891357,4.894599914550781,4.894599914550781,4590
2023-06-30,4.89300012588501,4.906499862670898,4.89300012588501,4.906499862670898,0
2023-07-03,4.909999847412109,4.917500019073486,4.900000095367432,4.900400161743164,39587
2023-07-04,4.897299766540527,4.9004998207092285,4.895899772644043,4.9004998207092285,22400
2023-07-05,4.902699947357178,4.908599853515625,4.898799896240234,4.898799896240234,0
2023-07-06,4.88730001449585,4.893099784851074,4.861000061035156,4.861000061035156,5
2023-07-07,4.8653998374938965,4.874000072479248,4.8653998374938965,4.874000072479248,0
2023-07-10,4.867499828338623,4.872099876403809,4.867499828338623,4.870999813079834,0
2023-07-11,4.8790998458862305,4.88100004196167,4.876200199127197,4.876200199127197,0
2023-07-12,4.8850998878479,4.907899856567383,4.8850998878479,4.907899856567383,3856
2023-07-13,4.915999889373779,4.932799816131592,4.915999889373779,4.9303998947143555,0
2023-07-14,4.925600051879883,4.931099891662598,4.922900199890137,4.922900199890137,0
2023-07-17,4.920899868011475,4.924900054931641,4.920899868011475,4.921800136566162,0
2023-07-18,4.926700115203857,4.945400238037109,4.926700115203857,4.945400238037109,0
2023-07-19,4.961699962615967,4.9644999504089355,4.936200141906738,4.936200141906738,3858
2023-07-20,4.937300205230713,4.937300205230713,4.932799816131592,4.932799816131592,3000
2023-07-21,4.928800106048584,4.936800003051758,4.927800178527832,4.936800003051758,4160
2023-07-24,4.937099933624268,4.946800231933594,4.933599948883057,4.946000099182129,20000
2023-07-25,4.939300060272217,4.945499897003174,4.939300060272217,4.945499897003174,0
2023-07-26,4.939799785614014,4.939799785614014,4.93149995803833,4.93149995803833,0
2023-07-27,4.939899921417236,4.949999809265137,4.930799961090088,4.948400020599365,23682
2023-07-28,4.934899806976318,4.9496002197265625,4.934899806976318,4.9496002197265625,0
2023-07-31,4.941699981689453,4.95359992980957,4.941699981689453,4.948200225830078,7166
2023-08-01,4.951000213623047,4.951000213623047,4.936999797821045,4.936999797821045,9817
2023-08-02,4.935500144958496,4.948999881744385,4.935500144958496,4.94290018081665,3856
2023-08-03,4.935800075531006,4.941500186920166,4.929999828338623,4.938300132751465,1760
2023-08-04,4.9303998947143555,4.94379997253418,4.926599979400635,4.94379997253418,7712
2023-08-07,4.946800231933594,4.946800231933594,4.934899806976318,4.94350004196167,2415
2023-08-08,4.95419979095459,4.962500095367432,4.95419979095459,4.958799839019775,5800
2023-08-09,4.964300155639648,4.964300155639648,4.952499866485596,4.952499866485596,3856
2023-08-10,4.952700138092041,4.952700138092041,4.948299884796143,4.950200080871582,3856
2023-08-11,4.9375,4.9375,4.928999900817871,4.928999900817871,0
2023-08-14,4.9253997802734375,4.934000015258789,4.9253997802734375,4.928100109100342,5
2023-08-15,4.920899868011475,4.920899868011475,4.904600143432617,4.915999889373779,5536
2023-08-16,4.918900012969971,4.919899940490723,4.918099880218506,4.919899940490723,3856
2023-08-17,4.909299850463867,4.910900115966797,4.903800010681152,4.903800010681152,0
2023-08-18,4.918399810791016,4.920599937438965,4.918399810791016,4.920599937438965,0
2023-08-21,4.92080020904541,4.92080020904541,4.9008002281188965,4.9008002281188965,3863
2023-08-22,4.906300067901611,4.911499977111816,4.906300067901611,4.910699844360352,0
2023-08-23,4.915299892425537,4.938300132751465,4.915299892425537,4.938300132751465,3856
2023-08-24,4.95419979095459,4.957200050354004,4.942200183868408,4.942200183868408,3856
2023-08-25,4.937699794769287,4.937699794769287,4.931700229644775,4.933300018310547,98
2023-08-28,4.935500144958496,4.937600135803223,4.928400039672852,4.937600135803223,5436
2023-08-29,4.941100120544434,4.944699764251709,4.935500144958496,4.944699764251709,0
2023-08-30,4.933800220489502,4.941999912261963,4.928400039672852,4.935699939727783,17907
2023-08-31,4.936200141906738,4.959400177001953,4.936200141906738,4.950699806213379,30000
2023-09-01,4.948800086975098,4.9542999267578125,4.941999912261963,4.941999912261963,0
2023-09-04,4.940000057220459,4.951399803161621,4.935100078582764,4.935100078582764,12000
2023-09-05,4.932600021362305,4.935400009155273,4.932000160217285,4.932199954986572,3856
2023-09-06,4.925300121307373,4.928800106048584,4.916999816894531,4.916999816894531,850
2023-09-07,4.919099807739258,4.9278998374938965,4.919099807739258,4.9278998374938965,0
2023-09-08,4.937900066375732,4.939599990844727,4.933499813079834,4.939599990844727,3856
2023-09-11,4.935400009155273,4.936800003051758,4.935400009155273,4.936800003051758,0
2023-09-12,4.93720006942749,4.9405999183654785,4.933700084686279,4.933700084686279,3385
2023-09-13,4.926599979400635,4.931300163269043,4.921999931335449,4.929299831390381,5
2023-09-14,4.933700084686279,4.947500228881836,4.933700084686279,4.947500228881836,0
2023-09-15,4.948699951171875,4.948699951171875,4.935800075531006,4.935800075531006,0
2023-09-18,4.930699825286865,4.934100151062012,4.925300121307373,4.925300121307373,2990
2023-09-19,4.924799919128418,4.93149995803833,4.922900199890137,4.922900199890137,2115
2023-09-20,4.925300121307373,4.933700084686279,4.925300121307373,4.933700084686279,5
2023-09-21,4.921599864959717,4.921800136566162,4.919300079345703,4.920599937438965,7661
2023-09-22,4.919099807739258,4.924099922180176,4.919099807739258,4.924099922180176,7712
2023-09-25,4.920100212097168,4.920100212097168,4.916100025177002,4.918399810791016,0
2023-09-26,4.909800052642822,4.913000106811523,4.909800052642822,4.910600185394287,7712
2023-09-27,4.911799907684326,4.913000106811523,4.9008002281188965,4.9008002281188965,8365
2023-09-28,4.896100044250488,4.896100044250488,4.876999855041504,4.878300189971924,834
2023-09-29,4.895899772644043,4.907700061798096,4.895899772644043,4.907700061798096,30848
2023-10-02,4.904799938201904,4.904799938201904,4.894700050354004,4.894700050354004,11568
2023-10-03,4.894800186157227,4.8979997634887695,4.887400150299072,4.887400150299072,11824
2023-10-04,4.877399921417236,4.888999938964844,4.8765997886657715,4.879700183868408,9027
2023-10-05,4.8831000328063965,4.888800144195557,4.8831000328063965,4.888800144195557,3856
2023-10-06,4.888299942016602,4.8907999992370605,4.886000156402588,4.8907999992370605,0
2023-10-09,4.896200180053711,4.907299995422363,4.8871002197265625,4.907299995422363,3168
2023-10-10,4.911399841308594,4.916200160980225,4.907899856567383,4.916200160980225,0
2023-10-11,4.910699844360352,4.926000118255615,4.910699844360352,4.922299861907959,0
2023-10-12,4.925600051879883,4.925600051879883,4.911399841308594,4.911399841308594,0
2023-10-13,4.914100170135498,4.922800064086914,4.914100170135498,4.914299964904785,0
2023-10-16,4.907199859619141,4.911499977111816,4.907199859619141,4.908100128173828,5005
2023-10-17,4.90369987487793,4.911300182342529,4.891200065612793,4.891200065612793,10000
2023-10-18,4.8856000900268555,4.890699863433838,4.882699966430664,4.882699966430664,0
2023-10-19,4.873199939727783,4.880799770355225,4.873199939727783,4.878300189971924,4
2023-10-20,4.876699924468994,4.881899833679199,4.876699924468994,4.881899833679199,0
2023-10-23,4.876999855041504,4.8927998542785645,4.86899995803833,4.8927998542785645,7712
2023-10-24,4.9004998207092285,4.907199859619141,4.9004998207092285,4.907199859619141,11740
2023-10-25,4.906300067901611,4.906300067901611,4.899400234222412,4.899400234222412,0
2023-10-26,4.88700008392334,4.907100200653076,4.88700008392334,4.907100200653076,25665
2023-10-27,4.908199787139893,4.911499977111816,4.908199787139893,4.911499977111816,0
2023-10-30,4.92710018157959,4.92710018157959,4.917600154876709,4.920000076293945,8512
2023-10-31,4.9243998527526855,4.940000057220459,4.9243998527526855,4.929699897766113,26501
2023-11-01,4.925099849700928,4.951000213623047,4.925099849700928,4.9481000900268555,30700
2023-11-02,4.954400062561035,4.9679999351501465,4.954400062561035,4.961900234222412,5460
2023-11-03,4.960400104522705,4.974599838256836,4.958799839019775,4.974599838256836,0
2023-11-06,4.96750020980835,4.96750020980835,4.956999778747559,4.957399845123291,19650
2023-11-07,4.953800201416016,4.96619987487793,4.953800201416016,4.96619987487793,0
2023-11-08,4.966400146484375,4.97599983215332,4.9654998779296875,4.975299835205078,5500
2023-11-09,4.972899913787842,4.977399826049805,4.972899913787842,4.977399826049805,0
2023-11-10,4.9670000076293945,4.9670000076293945,4.958499908447266,4.9604997634887695,0
2023-11-13,4.960400104522705,4.9644999504089355,4.960400104522705,4.963099956512451,0
2023-11-14,4.965700149536133,4.9984002113342285,4.965700149536133,4.9984002113342285,0
2023-11-15,5.000999927520752,5.003600120544434,4.993000030517578,4.993000030517578,9
2023-11-16,4.999300003051758,5.0015997886657715,4.995999813079834,5.0015997886657715,13012
2023-11-17,5.008399963378906,5.019999980926514,5.002399921417236,5.002399921417236,6720
2023-11-20,5.0005998611450195,5.0046000480651855,4.994999885559082,4.996500015258789,4720
2023-11-21,5.002600193023682,5.006999969482422,5.001200199127197,5.006999969482422,3460
2023-11-22,5.002200126647949,5.01039981842041,5.002200126647949,5.0065999031066895,6
2023-11-23,5.003399848937988,5.005799770355225,4.997200012207031,4.997200012207031,2655
2023-11-24,4.992800235748291,5.002999782562256,4.991000175476074,4.993100166320801,40655
2023-11-27,4.995500087738037,5.014999866485596,4.995500087738037,5.012199878692627,1495
2023-11-28,5.016600131988525,5.02839994430542,5.013999938964844,5.02839994430542,9620
2023-11-29,5.041800022125244,5.0503997802734375,5.041800022125244,5.0503997802734375,7712
2023-11-30,5.055799961090088,5.061399936676025,5.053999900817871,5.053999900817871,3856
2023-12-01,5.057799816131592,5.081600189208984,5.057799816131592,5.081600189208984,0
2023-12-04,5.081600189208984,5.081600189208984,5.081600189208984,5.081600189208984,0
2023-12-05,5.081600189208984,5.081600189208984,5.081600189208984,5.081600189208984,0
2023-12-06,5.081600189208984,5.081600189208984,5.081600189208984,5.081600189208984,0
2023-12-07,5.116399765014648,5.116399765014648,5.111000061035156,5.111000061035156,7714
2023-12-08,5.10860013961792,5.10860013961792,5.092599868774414,5.092599868774414,33275
2023-12-11,5.092599868774414,5.097599983215332,5.092599868774414,5.094399929046631,0
2023-12-12,5.105999946594238,5.105999946594238,5.101399898529053,5.101399898529053,0
2023-12-13,5.104800224304199,5.1143999099731445,5.104800224304199,5.1143999099731445,0
2023-12-14,5.15339994430542,5.156199932098389,5.1468000411987305,5.1468000411987305,7712
2023-12-15,5.145999908447266,5.169600009918213,5.145999908447266,5.1682000160217285,960
2023-12-18,5.164400100708008,5.170000076293945,5.1528000831604,5.1528000831604,20180
2023-12-19,5.15939998626709,5.169000148773193,5.15939998626709,5.169000148773193,6571
2023-12-20,5.171599864959717,5.18179988861084,5.171599864959717,5.179599761962891,3862
2023-12-21,5.178599834442139,5.2067999839782715,5.178599834442139,5.192399978637695,275802
2023-12-22,5.184800148010254,5.199999809265137,5.184800148010254,5.19320011138916,6069
2023-12-27,5.1946001052856445,5.205399990081787,5.189799785614014,5.205399990081787,9215
2023-12-28,5.208600044250488,5.208600044250488,5.201399803161621,5.202400207519531,7712
2023-12-29,5.207399845123291,5.207399845123291,5.194399833679199,5.194399833679199,2890
2024-01-02,5.198999881744385,5.198999881744385,5.169600009918213,5.171000003814697,15352
2024-01-03,5.1682000160217285,5.1682000160217285,5.156199932098389,5.16379976272583,3856
2024-01-04,5.171999931335449,5.171999931335449,5.148600101470947,5.148600101470947,0
2024-01-05,5.140399932861328,5.140399932861328,5.130199909210205,5.136000156402588,0
2024-01-08,5.129199981689453,5.147799968719482,5.125,5.146200180053711,23019
2024-01-09,5.136000156402588,5.136000156402588,5.131999969482422,5.13539981842041,0
2024-01-10,5.138800144195557,5.138800144195557,5.132599830627441,5.132599830627441,136
2024-01-11,5.138000011444092,5.146999835968018,5.134399890899658,5.134399890899658,14031
2024-01-12,5.144599914550781,5.15880012512207,5.144400119781494,5.15880012512207,7712
2024-01-15,5.149799823760986,5.151000022888184,5.1458001136779785,5.1458001136779785,45042
2024-01-16,5.139999866485596,5.150400161743164,5.139999866485596,5.1427998542785645,278696
2024-01-17,5.1255998611450195,5.130799770355225,5.118199825286865,5.122799873352051,15427
2024-01-18,5.125800132751465,5.131400108337402,5.125400066375732,5.125400066375732,0
2024-01-19,5.129199981689453,5.131999969482422,5.1255998611450195,5.1255998611450195,0
2024-01-22,5.134399890899658,5.139599800109863,5.134399890899658,5.139599800109863,755
2024-01-23,5.1367998123168945,5.137199878692627,5.130199909210205,5.130199909210205,0
2024-01-24,5.138400077819824,5.143199920654297,5.137199878692627,5.138000011444092,3867
2024-01-25,5.137199878692627,5.152599811553955,5.127600193023682,5.152599811553955,11456
2024-01-26,5.160799980163574,5.160999774932861,5.1570000648498535,5.1570000648498535,0
2024-01-29,5.164999961853027,5.176599979400635,5.164999961853027,5.172999858856201,48111
2024-01-30,5.173999786376953,5.175000190734863,5.1620001792907715,5.162199974060059,26580
2024-01-31,5.172999858856201,5.181600093841553,5.171999931335449,5.179999828338623,51148
2024-02-01,5.180600166320801,5.183000087738037,5.168799877166748,5.183000087738037,11578
2024-02-02,5.178400039672852,5.183000087738037,5.161399841308594,5.161399841308594,14117
2024-02-05,5.153200149536133,5.153600215911865,5.148600101470947,5.148600101470947,3856
2024-02-06,5.153600215911865,5.154600143432617,5.146399974822998,5.154600143432617,11415
2024-02-07,5.1570000648498535,5.1570000648498535,5.148600101470947,5.148600101470947,3856
2024-02-08,5.146200180053711,5.146200180053711,5.138199806213379,5.138199806213379,5798
2024-02-09,5.132400035858154,5.136199951171875,5.132199764251709,5.132199764251709,5800
2024-02-12,5.139599800109863,5.14300012588501,5.139599800109863,5.141200065612793,0
2024-02-13,5.146200180053711,5.146200180053711,5.131199836730957,5.131199836730957,4056
2024-02-14,5.135200023651123,5.143799781799316,5.135200023651123,5.143599987030029,261
2024-02-15,5.153200149536133,5.153200149536133,5.144999980926514,5.144999980926514,0
2024-02-16,5.142199993133545,5.142199993133545,5.135000228881836,5.135000228881836,0
2024-02-19,5.131999969482422,5.139200210571289,5.131999969482422,5.13700008392334,8912
2024-02-20,5.138199806213379,5.145599842071533,5.138199806213379,5.145599842071533,15424
2024-02-21,5.142199993133545,5.146200180053711,5.133600234985352,5.133600234985352,37
2024-02-22,5.136199951171875,5.1417999267578125,5.131400108337402,5.1417999267578125,7712
2024-02-23,5.139400005340576,5.1529998779296875,5.139400005340576,5.152200222015381,7
2024-02-26,5.153600215911865,5.153600215911865,5.141200065612793,5.141200065612793,0
2024-02-27,5.143799781799316,5.143799781799316,5.132400035858154,5.132800102233887,11568
2024-02-28,5.131999969482422,5.134200096130371,5.128399848937988,5.128399848937988,7391
2024-02-29,5.1296000480651855,5.1367998123168945,5.118800163269043,5.1367998123168945,0
2024-03-01,5.139200210571289,5.146999835968018,5.130799770355225,5.140600204467773,7764
2024-03-04,5.139200210571289,5.159800052642822,5.139200210571289,5.1427998542785645,1950
2024-03-05,5.150400161743164,5.156799793243408,5.145999908447266,5.156799793243408,6963
2024-03-06,5.154799938201904,5.158599853515625,5.149799823760986,5.156599998474121,21
2024-03-07,5.156799793243408,5.170599937438965,5.156799793243408,5.170599937438965,0
2024-03-08,5.178800106048584,5.18779993057251,5.178800106048584,5.184800148010254,11568
2024-03-11,5.18720006942749,5.18720006942749,5.180200099945068,5.180200099945068,5
2024-03-12,5.177999973297119,5.1834001541137695,5.177800178527832,5.1834001541137695,11568
2024-03-13,5.183599948883057,5.188000202178955,5.180799961090088,5.181399822235107,32402
2024-03-14,5.1803998947143555,5.1834001541137695,5.171800136566162,5.171800136566162,0
2024-03-15,5.166399955749512,5.166399955749512,5.161799907684326,5.161799907684326,0
2024-03-18,5.1620001792907715,5.163000106811523,5.158199787139893,5.160999774932861,1039
2024-03-19,5.161799907684326,5.169400215148926,5.161799907684326,5.164999961853027,579
2024-03-20,5.167799949645996,5.172999858856201,5.165999889373779,5.165999889373779,23796
2024-03-21,5.170400142669678,5.184999942779541,5.170400142669678,5.180799961090088,3856
2024-03-22,5.182799816131592,5.191400051116943,5.182799816131592,5.191400051116943,7
2024-03-25,5.190199851989746,5.195199966430664,5.180600166320801,5.180600166320801,15887
2024-03-26,5.178999900817871,5.186999797821045,5.178999900817871,5.186999797821045,0
2024-03-27,5.194399833679199,5.202400207519531,5.194399833679199,5.201600074768066,38
2024-03-28,5.198800086975098,5.208799839019775,5.198800086975098,5.205599784851074,12252
2024-04-02,5.220600128173828,5.220600128173828,5.190199851989746,5.192999839782715,1983
2024-04-03,5.194399833679199,5.204400062561035,5.194399833679199,5.201399803161621,86980
2024-04-04,5.202199935913086,5.210400104522705,5.202199935913086,5.210400104522705,11748
2024-04-05,5.208600044250488,5.208600044250488,5.201399803161621,5.201399803161621,0
2024-04-08,5.191400051116943,5.195799827575684,5.191400051116943,5.195799827575684,3921
2024-04-09,5.192599773406982,5.2052001953125,5.192599773406982,5.2052001953125,0
2024-04-10,5.202600002288818,5.208199977874756,5.1894001960754395,5.1894001960754395,11
2024-04-11,5.182400226593018,5.182400226593018,5.176199913024902,5.176199913024902,0
2024-04-12,5.187600135803223,5.198200225830078,5.187600135803223,5.196800231933594,7510
2024-04-15,5.192599773406982,5.192599773406982,5.17579984664917,5.17579984664917,0
2024-04-16,5.17140007019043,5.1732001304626465,5.160999774932861,5.161600112915039,10935
2024-04-17,5.157400131225586,5.173999786376953,5.157400131225586,5.166200160980225,78
2024-04-18,5.172599792480469,5.174200057983398,5.166600227355957,5.166600227355957,90
2024-04-19,5.168799877166748,5.1691999435424805,5.16379976272583,5.164000034332275,7676
2024-04-22,5.160200119018555,5.174600124359131,5.1519999504089355,5.174600124359131,5000
2024-04-23,5.176799774169922,5.182600021362305,5.176599979400635,5.176599979400635,41
2024-04-24,5.170599937438965,5.170599937438965,5.154200077056885,5.155799865722656,3645
2024-04-25,5.155399799346924,5.160200119018555,5.145400047302246,5.145400047302246,0
2024-04-26,5.153200149536133,5.159599781036377,5.1529998779296875,5.159599781036377,0
2024-04-29,5.18720006942749,5.18720006942749,5.171000003814697,5.171599864959717,22208
2024-04-30,5.171199798583984,5.171199798583984,5.15500020980835,5.15500020980835,0
2024-05-02,5.182199954986572,5.182199954986572,5.166399955749512,5.166399955749512,9692
2024-05-03,5.1753997802734375,5.1844000816345215,5.173399925231934,5.1844000816345215,1959
2024-05-06,5.18779993057251,5.198999881744385,5.18779993057251,5.192399978637695,1309
2024-05-07,5.197400093078613,5.201600074768066,5.197400093078613,5.201200008392334,13565
2024-05-08,5.196599960327148,5.197199821472168,5.19379997253418,5.19379997253418,1295
2024-05-09,5.1905999183654785,5.191999912261963,5.185400009155273,5.187399864196777,5
2024-05-10,5.193999767303467,5.193999767303467,5.18120002746582,5.18120002746582,0
2024-05-13,5.183000087738037,5.187600135803223,5.183000087738037,5.185400009155273,84061
2024-05-14,5.184000015258789,5.184000015258789,5.1743998527526855,5.1743998527526855,41
2024-05-15,5.1774001121521,5.207600116729736,5.1774001121521,5.205999851226807,16066
2024-05-16,5.210599899291992,5.210599899291992,5.200399875640869,5.200399875640869,3140
2024-05-17,5.197000026702881,5.197000026702881,5.186600208282471,5.186600208282471,3
2024-05-20,5.182799816131592,5.187600135803223,5.182799816131592,5.185400009155273,0
2024-05-21,5.187399864196777,5.1915998458862305,5.187399864196777,5.1915998458862305,5330
2024-05-22,5.183599948883057,5.188600063323975,5.183599948883057,5.188600063323975,360
2024-05-23,5.187399864196777,5.187399864196777,5.17080020904541,5.17080020904541,235
2024-05-24,5.172599792480469,5.172999858856201,5.148200035095215,5.172999858856201,3605
2024-05-27,5.175000190734863,5.186399936676025,5.175000190734863,5.186399936676025,1295
2024-05-28,5.186800003051758,5.186800003051758,5.177999973297119,5.177999973297119,0
2024-05-29,5.171199798583984,5.171599864959717,5.161799907684326,5.161799907684326,5780
2024-05-30,5.162399768829346,5.168399810791016,5.162399768829346,5.168399810791016,0
2024-05-31,5.167399883270264,5.168399810791016,5.164599895477295,5.168399810791016,0
2024-06-03,5.19320011138916,5.19320011138916,5.178400039672852,5.1855998039245605,34
2024-06-04,5.1855998039245605,5.192999839782715,5.1855998039245605,5.192999839782715,0
2024-06-05,5.1946001052856445,5.201000213623047,5.1946001052856445,5.201000213623047,16284
2024-06-06,5.193399906158447,5.197800159454346,5.192800045013428,5.192800045013428,45
2024-06-07,5.18720006942749,5.18720006942749,5.173600196838379,5.174600124359131,5
2024-06-10,5.170000076293945,5.170000076293945,5.164999961853027,5.165599822998047,11540
2024-06-11,5.167399883270264,5.173799991607666,5.1631999015808105,5.173799991607666,541
2024-06-12,5.179599761962891,5.198800086975098,5.178800106048584,5.198800086975098,2136
2024-06-13,5.197400093078613,5.201600074768066,5.188600063323975,5.201600074768066,17477
2024-06-14,5.214000225067139,5.214000225067139,5.207200050354004,5.207200050354004,7537
2024-06-17,5.225800037384033,5.225800037384033,5.195199966430664,5.195199966430664,520
2024-06-18,5.192599773406982,5.207600116729736,5.192599773406982,5.207600116729736,12110
2024-06-19,5.210000038146973,5.210000038146973,5.20419979095459,5.20419979095459,3
2024-06-20,5.2017998695373535,5.204400062561035,5.200799942016602,5.204400062561035,966
2024-06-21,5.207600116729736,5.217800140380859,5.206600189208984,5.206600189208984,0
2024-06-24,5.204400062561035,5.208000183105469,5.204400062561035,5.208000183105469,0
2024-06-25,5.209000110626221,5.213399887084961,5.208199977874756,5.212399959564209,157
2024-06-26,5.2108001708984375,5.2108001708984375,5.203400135040283,5.203400135040283,938
2024-06-27,5.203400135040283,5.210400104522705,5.203000068664551,5.205999851226807,4331
2024-06-28,5.208199977874756,5.221399784088135,5.208000183105469,5.208000183105469,9370
2024-07-01,5.219200134277344,5.219200134277344,5.1956000328063965,5.197800159454346,24794
2024-07-02,5.19920015335083,5.208600044250488,5.196000099182129,5.201600074768066,8415
2024-07-03,5.202400207519531,5.220799922943115,5.202400207519531,5.214600086212158,5967
2024-07-04,5.214799880981445,5.216599941253662,5.21120023727417,5.21120023727417,343
2024-07-05,5.214600086212158,5.2270002365112305,5.214600086212158,5.2270002365112305,33932
2024-07-08,5.2241997718811035,5.234000205993652,5.223800182342529,5.23199987411499,2118
2024-07-09,5.232600212097168,5.232600212097168,5.218999862670898,5.218999862670898,1626
2024-07-10,5.226399898529053,5.236400127410889,5.226399898529053,5.229400157928467,2183
2024-07-11,5.2342000007629395,5.246600151062012,5.223999977111816,5.246600151062012,156
2024-07-12,5.246399879455566,5.246399879455566,5.237599849700928,5.243800163269043,585
2024-07-15,5.24399995803833,5.25,5.24399995803833,5.2484002113342285,10495
2024-07-16,5.252399921417236,5.253200054168701,5.250400066375732,5.250999927520752,2051
2024-07-17,5.255000114440918,5.255000114440918,5.247799873352051,5.252200126647949,4487
2024-07-18,5.251999855041504,5.26140022277832,5.231200218200684,5.259399890899658,1818
2024-07-19,5.253200054168701,5.255199909210205,5.249599933624268,5.250199794769287,18
2024-07-22,5.25439977645874,5.25439977645874,5.245999813079834,5.245999813079834,0
2024-07-23,5.247600078582764,5.2617998123168945,5.247600078582764,5.26039981842041,487
2024-07-24,5.259799957275391,5.263400077819824,5.259799957275391,5.261600017547607,7
2024-07-25,5.257999897003174,5.273399829864502,5.257999897003174,5.269000053405762,156
2024-07-26,5.262400150299072,5.274199962615967,5.262400150299072,5.274199962615967,1413
2024-07-29,5.276000022888184,5.285399913787842,5.276000022888184,5.28000020980835,0
2024-07-30,5.281799793243408,5.287199974060059,5.279200077056885,5.285600185394287,250
2024-07-31,5.292200088500977,5.30019998550415,5.291999816894531,5.296000003814697,34
2024-08-01,5.320799827575684,5.320799827575684,5.2947998046875,5.304200172424316,86
2024-08-02,5.310800075531006,5.310800075531006,5.29580020904541,5.29580020904541,343
2024-08-05,5.3043999671936035,5.3043999671936035,5.2870001792907715,5.2870001792907715,13257
2024-08-06,5.286799907684326,5.313799858093262,5.286799907684326,5.297800064086914,8500
2024-08-07,5.289999961853027,5.290599822998047,5.284800052642822,5.290599822998047,2164
2024-08-08,5.295000076293945,5.295000076293945,5.290999889373779,5.292600154876709,9513
2024-08-09,5.292799949645996,5.300000190734863,5.292799949645996,5.298399925231934,2357
2024-08-12,5.291399955749512,5.29580020904541,5.291399955749512,5.29580020904541,22000
2024-08-13,5.2982001304626465,5.302599906921387,5.29580020904541,5.302599906921387,1659
2024-08-14,5.305200099945068,5.308000087738037,5.302599906921387,5.308000087738037,66054
2024-08-15,5.316800117492676,5.316800117492676,5.297399997711182,5.297399997711182,45969
2024-08-16,5.300000190734863,5.3105998039245605,5.300000190734863,5.301599979400635,1550
2024-08-19,5.307799816131592,5.307799816131592,5.304599761962891,5.304599761962891,0
2024-08-20,5.303800106048584,5.314199924468994,5.303800106048584,5.314000129699707,205
2024-08-21,5.314000129699707,5.319799900054932,5.313399791717529,5.319799900054932,0
2024-08-22,5.319799900054932,5.319799900054932,5.3084001541137695,5.3084001541137695,2026
2024-08-23,5.309999942779541,5.321199893951416,5.309000015258789,5.321199893951416,43
2024-08-26,5.320199966430664,5.320199966430664,5.31279993057251,5.31279993057251,48
2024-08-27,5.315000057220459,5.315000057220459,5.301599979400635,5.308000087738037,15788
2024-08-28,5.310999870300293,5.314799785614014,5.310999870300293,5.310999870300293,1322
2024-08-29,5.309000015258789,5.31879997253418,5.308599948883057,5.311999797821045,14292
2024-08-30,5.313799858093262,5.314000129699707,5.3094000816345215,5.3094000816345215,3994
2024-09-02,5.3165998458862305,5.3165998458862305,5.287199974060059,5.304999828338623,2876
2024-09-03,5.310400009155273,5.318399906158447,5.301400184631348,5.314199924468994,5587
2024-09-04,5.3155999183654785,5.335599899291992,5.307000160217285,5.3267998695373535,14738
2024-09-05,5.3308000564575195,5.333000183105469,5.3225998878479,5.327600002288818,6727
2024-09-06,5.342400074005127,5.349400043487549,5.323999881744385,5.339000225067139,3152
2024-09-09,5.327199935913086,5.343999862670898,5.327199935913086,5.343999862670898,1
2024-09-10,5.34499979019165,5.345200061798096,5.3420000076293945,5.344399929046631,204
2024-09-11,5.355800151824951,5.355800151824951,5.341400146484375,5.345799922943115,1294
2024-09-12,5.3471999168396,5.3471999168396,5.333799839019775,5.3379998207092285,33017
2024-09-13,5.344200134277344,5.348999977111816,5.344200134277344,5.348599910736084,9
2024-09-16,5.368800163269043,5.368800163269043,5.347799777984619,5.350800037384033,2906
2024-09-17,5.355599880218506,5.360599994659424,5.347599983215332,5.347599983215332,139
2024-09-18,5.342400074005127,5.344799995422363,5.339200019836426,5.340000152587891,10
2024-09-19,5.344399929046631,5.357999801635742,5.344399929046631,5.357800006866455,91
2024-09-20,5.352399826049805,5.356800079345703,5.3480000495910645,5.3480000495910645,1540
2024-09-23,5.354400157928467,5.363800048828125,5.354400157928467,5.360400199890137,4205
2024-09-24,5.371399879455566,5.372600078582764,5.359000205993652,5.3684000968933105,31784
2024-09-25,5.367199897766113,5.367199897766113,5.357600212097168,5.357600212097168,9
2024-09-26,5.359399795532227,5.3755998611450195,5.359399795532227,5.364799976348877,24615
2024-09-27,5.370999813079834,5.3755998611450195,5.368800163269043,5.374000072479248,2001
2024-09-30,5.376399993896484,5.3765997886657715,5.361599922180176,5.3765997886657715,3292
2024-10-01,5.401599884033203,5.401599884033203,5.3927998542785645,5.3927998542785645,1881
2024-10-02,5.390200138092041,5.390200138092041,5.383399963378906,5.387599945068359,3718
2024-10-03,5.383200168609619,5.3856000900268555,5.381400108337402,5.381400108337402,2519
2024-10-04,5.377200126647949,5.3796000480651855,5.372399806976318,5.372399806976318,5739
2024-10-07,5.377999782562256,5.377999782562256,5.362800121307373,5.368000030517578,3843
2024-10-08,5.366600036621094,5.366600036621094,5.359399795532227,5.363399982452393,3340
2024-10-09,5.366799831390381,5.366799831390381,5.361599922180176,5.362199783325195,79
2024-10-10,5.356800079345703,5.367199897766113,5.356599807739258,5.367000102996826,4216
2024-10-11,5.367599964141846,5.367599964141846,5.360000133514404,5.365600109100342,0
2024-10-14,5.367000102996826,5.367000102996826,5.364200115203857,5.365799903869629,11660
2024-10-15,5.394800186157227,5.394800186157227,5.37060022354126,5.377399921417236,32
2024-10-16,5.385200023651123,5.3917999267578125,5.385200023651123,5.389999866485596,12
2024-10-17,5.387400150299072,5.394999980926514,5.387400150299072,5.394400119781494,2084
2024-10-18,5.39139986038208,5.406799793243408,5.39139986038208,5.406799793243408,11169
2024-10-21,5.400599956512451,5.400599956512451,5.382800102233887,5.382800102233887,4532
2024-10-22,5.376200199127197,5.381199836730957,5.369999885559082,5.375400066375732,3304
2024-10-23,5.379000186920166,5.381400108337402,5.376399993896484,5.379799842834473,5574
2024-10-24,5.386199951171875,5.396399974822998,5.386199951171875,5.392000198364258,7732
2024-10-25,5.390200138092041,5.390200138092041,5.3846001625061035,5.386199951171875,10
2024-10-28,5.356800079345703,5.396999835968018,5.356800079345703,5.39139986038208,65391
2024-10-29,5.389800071716309,5.389800071716309,5.3744001388549805,5.377799987792969,5838
2024-10-30,5.383999824523926,5.386600017547607,5.360000133514404,5.360000133514404,14136
2024-10-31,5.348999977111816,5.354599952697754,5.348199844360352,5.354599952697754,132314
2024-11-01,5.374599933624268,5.374599933624268,5.353400230407715,5.358799934387207,340
2024-11-04,5.356400012969971,5.3632001876831055,5.356400012969971,5.3632001876831055,0
2024-11-05,5.359600067138672,5.361599922180176,5.355999946594238,5.361599922180176,2421
2024-11-06,5.382800102233887,5.382800102233887,5.374800205230713,5.377799987792969,2
2024-11-07,5.398399829864502,5.398399829864502,5.367000102996826,5.375,2713
2024-11-08,5.380000114440918,5.385200023651123,5.377799987792969,5.3846001625061035,5875
2024-11-11,5.3694000244140625,5.4039998054504395,5.3694000244140625,5.4039998054504395,1719
2024-11-12,5.3979997634887695,5.4039998054504395,5.395999908447266,5.395999908447266,1983
2024-11-13,5.387400150299072,5.392399787902832,5.385799884796143,5.392399787902832,1859
2024-11-14,5.385200023651123,5.408999919891357,5.385200023651123,5.403800010681152,4967
2024-11-15,5.421199798583984,5.421199798583984,5.395599842071533,5.395599842071533,2926
2024-11-18,5.395199775695801,5.395199775695801,5.383600234985352,5.389599800109863,2400
2024-11-19,5.397600173950195,5.397600173950195,5.392199993133545,5.392199993133545,3525
2024-11-20,5.3867998123168945,5.389200210571289,5.3846001625061035,5.389200210571289,2553
2024-11-21,5.384799957275391,5.39900016784668,5.384799957275391,5.389999866485596,48351
2024-11-22,5.389599800109863,5.410799980163574,5.389599800109863,5.406599998474121,5317
2024-11-25,5.410799980163574,5.417600154876709,5.406199932098389,5.417600154876709,9
2024-11-26,5.411600112915039,5.422999858856201,5.411600112915039,5.419000148773193,71279
2024-11-27,5.428800106048584,5.428800106048584,5.419000148773193,5.42579984664917,4784
2024-11-28,5.426199913024902,5.436800003051758,5.426199913024902,5.436800003051758,181
2024-11-29,5.437600135803223,5.449999809265137,5.437600135803223,5.449999809265137,4
2024-12-02,5.476799964904785,5.476799964904785,5.458600044250488,5.463200092315674,864
2024-12-03,5.459199905395508,5.46019983291626,5.4558000564575195,5.46019983291626,4274
2024-12-04,5.452600002288818,5.463399887084961,5.452600002288818,5.463399887084961,2300
2024-12-05,5.462399959564209,5.470600128173828,5.4567999839782715,5.4567999839782715,25507
2024-12-06,5.453199863433838,5.46560001373291,5.453199863433838,5.46560001373291,88043
2024-12-09,5.487800121307373,5.487800121307373,5.462200164794922,5.466400146484375,198
2024-12-10,5.459400177001953,5.473400115966797,5.459400177001953,5.4679999351501465,957
2024-12-11,5.469600200653076,5.470799922943115,5.468599796295166,5.468599796295166,129
2024-12-12,5.4608001708984375,5.4670000076293945,5.45419979095459,5.45419979095459,1836
2024-12-13,5.451600074768066,5.451600074768066,5.441400051116943,5.442599773406982,20937
2024-12-16,5.463399887084961,5.463399887084961,5.4415998458862305,5.4415998458862305,1800
2024-12-17,5.439000129699707,5.4456000328063965,5.438399791717529,5.441999912261963,25537
2024-12-18,5.44320011138916,5.443399906158447,5.433599948883057,5.439599990844727,6929
2024-12-19,5.418799877166748,5.422800064086914,5.418799877166748,5.421199798583984,5031
2024-12-20,5.421199798583984,5.429999828338623,5.421199798583984,5.4222002029418945,2252
2024-12-23,5.3979997634887695,5.429200172424316,5.3979997634887695,5.423999786376953,1
2024-12-27,5.421000003814697,5.427000045776367,5.416399955749512,5.421599864959717,3707
2024-12-30,5.416200160980225,5.420000076293945,5.413000106811523,5.417600154876709,1340
2025-01-02,5.4446001052856445,5.4446001052856445,5.417399883270264,5.42140007019043,8909
2025-01-03,5.418799877166748,5.418799877166748,5.401199817657471,5.4039998054504395,28955
2025-01-06,5.4141998291015625,5.4141998291015625,5.398200035095215,5.398200035095215,6385
2025-01-07,5.415200233459473,5.415200233459473,5.3958001136779785,5.3958001136779785,1101
2025-01-08,5.398600101470947,5.398600101470947,5.381400108337402,5.388199806213379,320
2025-01-09,5.385200023651123,5.390600204467773,5.381400108337402,5.388599872589111,5158
2025-01-10,5.383399963378906,5.383399963378906,5.374800205230713,5.377399921417236,9390
2025-01-13,5.370800018310547,5.370800018310547,5.367800235748291,5.3694000244140625,0
2025-01-14,5.380799770355225,5.380799770355225,5.363800048828125,5.364999771118164,625
2025-01-15,5.3856000900268555,5.389599800109863,5.372200012207031,5.389599800109863,9
2025-01-16,5.379000186920166,5.396999835968018,5.379000186920166,5.396999835968018,7300
2025-01-17,5.402200222015381,5.406799793243408,5.400599956512451,5.401000022888184,7816
2025-01-20,5.405399799346924,5.407400131225586,5.395400047302246,5.407400131225586,23081
2025-01-21,5.405799865722656,5.4070000648498535,5.402599811553955,5.4070000648498535,0
2025-01-22,5.4079999923706055,5.417600154876709,5.4079999923706055,5.410200119018555,2410
2025-01-23,5.410600185394287,5.410600185394287,5.401800155639648,5.4039998054504395,45780
2025-01-24,5.405600070953369,5.405600070953369,5.3927998542785645,5.396399974822998,4375
2025-01-27,5.397799968719482,5.409800052642822,5.397799968719482,5.405200004577637,5000
2025-01-28,5.416800022125244,5.416800022125244,5.401000022888184,5.405399799346924,619
2025-01-29,5.413000106811523,5.413599967956543,5.4019999504089355,5.407400131225586,8202
2025-01-30,5.413000106811523,5.427800178527832,5.413000106811523,5.425600051879883,2395
2025-01-31,5.429599761962891,5.446000099182129,5.429599761962891,5.44379997253418,427
2025-02-03,5.461599826812744,5.461599826812744,5.445799827575684,5.4527997970581055,26795
2025-02-04,5.445799827575684,5.455999851226807,5.445799827575684,5.455999851226807,13065
2025-02-05,5.458000183105469,5.465000152587891,5.458000183105469,5.461999893188477,1609
2025-02-06,5.458199977874756,5.464799880981445,5.458199977874756,5.464799880981445,0
2025-02-07,5.482999801635742,5.482999801635742,5.452000141143799,5.456600189208984,9142
2025-02-10,5.439799785614014,5.462399959564209,5.439799785614014,5.462399959564209,2
2025-02-11,5.4567999839782715,5.4567999839782715,5.448400020599365,5.448400020599365,20
2025-02-12,5.445400238037109,5.447999954223633,5.438199996948242,5.444399833679199,1737
2025-02-13,5.4475998878479,5.464600086212158,5.4475998878479,5.464600086212158,897
2025-02-14,5.459199905395508,5.466000080108643,5.4558000564575195,5.463200092315674,937
2025-02-17,5.469399929046631,5.469399929046631,5.447999954223633,5.453199863433838,121082
2025-02-18,5.4446001052856445,5.455999851226807,5.4446001052856445,5.455399990081787,17478
2025-02-19,5.448800086975098,5.448800086975098,5.434999942779541,5.440800189971924,3217
2025-02-20,5.438000202178955,5.447199821472168,5.438000202178955,5.447199821472168,0
2025-02-21,5.445199966430664,5.465400218963623,5.445199966430664,5.461999893188477,6
2025-02-24,5.458600044250488,5.462399959564209,5.456200122833252,5.462399959564209,9258
2025-02-25,5.46120023727417,5.46120023727417,5.457399845123291,5.460999965667725,719
2025-02-26,5.457799911499023,5.469200134277344,5.457799911499023,5.467599868774414,6753
2025-02-27,5.470399856567383,5.473999977111816,5.466000080108643,5.473999977111816,2005
2025-02-28,5.477799892425537,5.477799892425537,5.474800109863281,5.474800109863281,2204
2025-03-03,5.491600036621094,5.491600036621094,5.459799766540527,5.461999893188477,2260
2025-03-04,5.471199989318848,5.471199989318848,5.459199905395508,5.459199905395508,20
2025-03-05,5.423600196838379,5.432199954986572,5.406199932098389,5.408199787139893,14279
2025-03-06,5.386600017547607,5.398799896240234,5.382199764251709,5.389200210571289,517
2025-03-07,5.420400142669678,5.420400142669678,5.396399974822998,5.403800010681152,420
2025-03-10,5.374599933624268,5.413599967956543,5.374599933624268,5.410799980163574,2
2025-03-11,5.407199859619141,5.407199859619141,5.39139986038208,5.39139986038208,136
2025-03-12,5.3917999267578125,5.3917999267578125,5.387400150299072,5.390200138092041,0
2025-03-13,5.394000053405762,5.394000053405762,5.381800174713135,5.381800174713135,0
2025-03-14,5.377999782562256,5.389200210571289,5.377600193023682,5.38640022277832,48140
2025-03-17,5.4070000648498535,5.4070000648498535,5.397799968719482,5.4019999504089355,6
2025-03-18,5.395199775695801,5.396999835968018,5.3927998542785645,5.396999835968018,8686
2025-03-19,5.405600070953369,5.405600070953369,5.401800155639648,5.405200004577637,4
2025-03-20,5.3907999992370605,5.421599864959717,5.3907999992370605,5.407800197601318,52356
2025-03-21,5.409599781036377,5.414999961853027,5.409599781036377,5.410799980163574,4128
2025-03-24,5.383800029754639,5.419600009918213,5.383800029754639,5.413599967956543,17399
2025-03-25,5.408999919891357,5.4131999015808105,5.405799865722656,5.4131999015808105,1500
2025-03-26,5.4131999015808105,5.416800022125244,5.409999847412109,5.4131999015808105,1942
2025-03-27,5.4182000160217285,5.4182000160217285,5.410200119018555,5.41540002822876,59
2025-03-28,5.42519998550415,5.42519998550415,5.421199798583984,5.421199798583984,46
2025-03-31,5.432199954986572,5.432199954986572,5.417200088500977,5.418000221252441,2177
2025-04-01,5.442399978637695,5.442399978637695,5.427000045776367,5.427000045776367,71
2025-04-02,5.427999973297119,5.434999942779541,5.422399997711182,5.422399997711182,22020
2025-04-03,5.4243998527526855,5.436999797821045,5.420000076293945,5.424200057983398,6415
2025-04-04,5.429800033569336,5.429800033569336,5.394199848175049,5.416600227355957,51462
2025-04-07,5.404200077056885,5.412799835205078,5.368199825286865,5.3958001136779785,173239
2025-04-08,5.365600109100342,5.415200233459473,5.365600109100342,5.4039998054504395,34283
2025-04-09,5.382599830627441,5.408199787139893,5.3765997886657715,5.389400005340576,80297
2025-04-10,5.441400051116943,5.441400051116943,5.3979997634887695,5.404200077056885,106583
2025-04-11,5.413000106811523,5.422999858856201,5.40339994430542,5.421999931335449,8213
2025-04-14,5.3684000968933105,5.428800106048584,5.3684000968933105,5.428800106048584,503
2025-04-15,5.451000213623047,5.451000213623047,5.429800033569336,5.435200214385986,595
2025-04-16,5.442599773406982,5.448999881744385,5.438799858093262,5.448999881744385,29572
2025-04-17,5.450200080871582,5.468999862670898,5.450200080871582,5.463600158691406,1343
2025-04-22,5.464799880981445,5.477200031280518,5.4629998207092285,5.471199989318848,1815
2025-04-23,5.468800067901611,5.480000019073486,5.460000038146973,5.469799995422363,18917
2025-04-24,5.472799777984619,5.486000061035156,5.470200061798096,5.48360013961792,10758
2025-04-25,5.477799892425537,5.480400085449219,5.474999904632568,5.477399826049805,14110
2025-04-28,5.470200061798096,5.4720001220703125,5.466599941253662,5.468400001525879,206
2025-04-29,5.468200206756592,5.468800067901611,5.464200019836426,5.464200019836426,6021
2025-04-30,5.466000080108643,5.470399856567383,5.466000080108643,5.470399856567383,12635
2025-05-02,5.484000205993652,5.484000205993652,5.461599826812744,5.461599826812744,107
2025-05-05,5.460400104522705,5.4710001945495605,5.460400104522705,5.466400146484375,1500
2025-05-06,5.4629998207092285,5.466599941253662,5.459799766540527,5.466599941253662,6627
2025-05-07,5.485400199890137,5.485400199890137,5.47160005569458,5.4770002365112305,723
2025-05-08,5.477799892425537,5.485400199890137,5.476799964904785,5.479800224304199,4857
2025-05-09,5.472599983215332,5.480199813842773,5.46999979019165,5.473999977111816,150
2025-05-12,5.484600067138672,5.484600067138672,5.459799766540527,5.459799766540527,7133
2025-05-13,5.459000110626221,5.460999965667725,5.456999778747559,5.460999965667725,308295
2025-05-14,5.459799766540527,5.4608001708984375,5.454400062561035,5.454400062561035,140
2025-05-15,5.469600200653076,5.469600200653076,5.458399772644043,5.468599796295166,2
2025-05-16,5.4781999588012695,5.483799934387207,5.4781999588012695,5.481400012969971,10344
2025-05-19,5.480800151824951,5.480800151824951,5.466000080108643,5.480199813842773,0
2025-05-20,5.482999801635742,5.486000061035156,5.471799850463867,5.479000091552734,12568
2025-05-21,5.473999977111816,5.473999977111816,5.47160005569458,5.472599983215332,0
2025-05-22,5.471199989318848,5.472400188446045,5.468400001525879,5.472400188446045,79
2025-05-23,5.487400054931641,5.488399982452393,5.47760009765625,5.483399868011475,66257
2025-05-26,5.4893999099731445,5.4893999099731445,5.48360013961792,5.4893999099731445,0
2025-05-27,5.497399806976318,5.498000144958496,5.495800018310547,5.498000144958496,0
2025-05-28,5.499199867248535,5.499199867248535,5.491000175476074,5.49399995803833,396
2025-05-29,5.499599933624268,5.507400035858154,5.49459981918335,5.507400035858154,0
2025-05-30,5.504000186920166,5.504799842834473,5.502600193023682,5.504799842834473,75
2025-06-02,5.518199920654297,5.518199920654297,5.493000030517578,5.504799842834473,381
2025-06-03,5.513400077819824,5.513599872589111,5.507599830627441,5.512400150299072,542
2025-06-04,5.518199920654297,5.518199920654297,5.507400035858154,5.508600234985352,18625
2025-06-05,5.5106000900268555,5.514800071716309,5.492599964141846,5.492599964141846,13217
2025-06-06,5.5,5.5046000480651855,5.5,5.501800060272217,2240
2025-06-09,5.513999938964844,5.513999938964844,5.50540018081665,5.50540018081665,182
2025-06-10,5.505199909210205,5.518199920654297,5.505199909210205,5.514800071716309,2261
2025-06-11,5.497399806976318,5.514599800109863,5.497399806976318,5.511199951171875,3
2025-06-12,5.519199848175049,5.524400234222412,5.519199848175049,5.523600101470947,58
2025-06-13,5.519400119781494,5.524199962615967,5.50600004196167,5.50600004196167,226
2025-06-16,5.516600131988525,5.516600131988525,5.508200168609619,5.515600204467773,2735
2025-06-17,5.509200096130371,5.516200065612793,5.508200168609619,5.510200023651123,1670
2025-06-18,5.511000156402588,5.519400119781494,5.506199836730957,5.515399932861328,204
2025-06-19,5.508200168609619,5.508600234985352,5.505000114440918,5.505000114440918,0
2025-06-20,5.513400077819824,5.516600131988525,5.510799884796143,5.513400077819824,147
2025-06-23,5.5065999031066895,5.515600204467773,5.5065999031066895,5.515600204467773,0
2025-06-24,5.519599914550781,5.522799968719482,5.513999938964844,5.518599987030029,27088
2025-06-25,5.525000095367432,5.525000095367432,5.513800144195557,5.519199848175049,270
2025-06-26,5.523399829864502,5.524799823760986,5.51639986038208,5.51639986038208,8230
2025-06-27,5.523600101470947,5.523600101470947,5.513599872589111,5.516600131988525,292
2025-06-30,5.5229997634887695,5.5229997634887695,5.5177998542785645,5.5177998542785645,10050
2025-07-01,5.54640007019043,5.54640007019043,5.525400161743164,5.527200222015381,5617
2025-07-02,5.532199859619141,5.535799980163574,5.525000095367432,5.531199932098389,3385
2025-07-03,5.531400203704834,5.541399955749512,5.531400203704834,5.541399955749512,4528
2025-07-04,5.5503997802734375,5.5503997802734375,5.543399810791016,5.543799877166748,470
2025-07-07,5.5696001052856445,5.5696001052856445,5.535799980163574,5.535799980163574,95203
2025-07-08,5.534599781036377,5.534599781036377,5.526599884033203,5.532199859619141,3246
2025-07-09,5.514400005340576,5.536399841308594,5.514400005340576,5.535200119018555,18851
2025-07-10,5.534599781036377,5.534599781036377,5.528800010681152,5.528800010681152,1646
2025-07-11,5.526599884033203,5.526599884033203,5.521399974822998,5.522600173950195,2
2025-07-14,5.523399829864502,5.524199962615967,5.5218000411987305,5.524199962615967,3340
2025-07-15,5.547800064086914,5.547800064086914,5.5269999504089355,5.5269999504089355,2
2025-07-16,5.5218000411987305,5.535200119018555,5.5218000411987305,5.529799938201904,578
2025-07-17,5.530799865722656,5.5370001792907715,5.529399871826172,5.5370001792907715,3176
2025-07-18,5.536399841308594,5.536399841308594,5.529399871826172,5.535799980163574,15678
2025-07-21,5.519199848175049,5.55019998550415,5.519199848175049,5.55019998550415,4221
2025-07-22,5.546800136566162,5.557400226593018,5.546800136566162,5.555799961090088,310
2025-07-23,5.551000118255615,5.558599948883057,5.551000118255615,5.558599948883057,2438
2025-07-24,5.5447998046875,5.548799991607666,5.537799835205078,5.537799835205078,82
2025-07-25,5.5320000648498535,5.537600040435791,5.526400089263916,5.537600040435791,24
2025-07-28,5.518599987030029,5.549799919128418,5.518599987030029,5.547599792480469,7727
2025-07-29,5.546000003814697,5.547399997711182,5.541200160980225,5.545599937438965,758
2025-07-30,5.541800022125244,5.547599792480469,5.540599822998047,5.543799877166748,60
2025-07-31,5.548399925231934,5.548399925231934,5.541399955749512,5.544400215148926,12003
2025-08-01,5.556000232696533,5.556000232696533,5.534200191497803,5.538599967956543,11254
2025-08-04,5.539999961853027,5.5524001121521,5.539999961853027,5.5524001121521,41970
2025-08-05,5.555799961090088,5.5594000816345215,5.552800178527832,5.554599761962891,358
2025-08-06,5.552999973297119,5.553999900817871,5.552800178527832,5.552800178527832,476
2025-08-07,5.573800086975098,5.573800086975098,5.553599834442139,5.5584001541137695,308
2025-08-08,5.5543999671936035,5.555200099945068,5.546599864959717,5.546599864959717,69
2025-08-11,5.526400089263916,5.548799991607666,5.526400089263916,5.545400142669678,70
2025-08-12,5.543600082397461,5.549200057983398,5.539599895477295,5.539599895477295,153
2025-08-13,5.543600082397461,5.55679988861084,5.543600082397461,5.55679988861084,6407
2025-08-14,5.558000087738037,5.56220006942749,5.551799774169922,5.555200099945068,194
2025-08-15,5.577000141143799,5.577000141143799,5.540999889373779,5.540999889373779,163
2025-08-18,5.541999816894531,5.545000076293945,5.540800094604492,5.540800094604492,16602
2025-08-19,5.541800022125244,5.547399997711182,5.541800022125244,5.547399997711182,80
2025-08-20,5.546599864959717,5.5524001121521,5.546599864959717,5.551400184631348,1989
2025-08-21,5.553199768066406,5.553199768066406,5.536399841308594,5.537799835205078,3025
2025-08-22,5.538400173187256,5.556000232696533,5.538400173187256,5.550600051879883,33476
2025-08-25,5.5644001960754395,5.5644001960754395,5.53879976272583,5.539599895477295,220
2025-08-26,5.546599864959717,5.546599864959717,5.539400100708008,5.5447998046875,3670
2025-08-27,5.542799949645996,5.547399997711182,5.542799949645996,5.547399997711182,13
2025-08-28,5.552000045776367,5.552000045776367,5.54580020904541,5.547999858856201,22220
2025-08-29,5.54580020904541,5.54640007019043,5.541600227355957,5.542200088500977,8918
2025-09-01,5.550000190734863,5.550000190734863,5.534800052642822,5.53980016708374,579
2025-09-02,5.534800052642822,5.534800052642822,5.522600173950195,5.522600173950195,3363
2025-09-03,5.536200046539307,5.536200046539307,5.523600101470947,5.535399913787842,161
2025-09-04,5.537199974060059,5.548799991607666,5.537199974060059,5.546000003814697,73
2025-09-05,5.551599979400635,5.561200141906738,5.549600124359131,5.561200141906738,265
2025-09-08,5.580399990081787,5.580399990081787,5.561600208282471,5.567800045013428,181
2025-09-09,5.565800189971924,5.565800189971924,5.559599876403809,5.563199996948242,563
2025-09-10,5.560400009155273,5.5665998458862305,5.559999942779541,5.566400051116943,7476
2025-09-11,5.5655999183654785,5.567399978637695,5.559800148010254,5.567399978637695,52
2025-09-12,5.563199996948242,5.563199996948242,5.5584001541137695,5.5584001541137695,26
2025-09-15,5.573400020599365,5.573400020599365,5.561999797821045,5.564000129699707,4212
2025-09-16,5.563799858093262,5.566199779510498,5.558800220489502,5.559999942779541,2950
2025-09-17,5.561800003051758,5.56220006942749,5.5584001541137695,5.56220006942749,133
2025-09-18,5.565199851989746,5.571000099182129,5.565199851989746,5.566400051116943,0
2025-09-19,5.563600063323975,5.563600063323975,5.561200141906738,5.561200141906738,1659
2025-09-22,5.563000202178955,5.566199779510498,5.557400226593018,5.561600208282471,4111
2025-09-23,5.567399978637695,5.567399978637695,5.559599876403809,5.560999870300293,835
2025-09-24,5.5644001960754395,5.5644001960754395,5.5594000816345215,5.5594000816345215,0
2025-09-25,5.558800220489502,5.558800220489502,5.550000190734863,5.5503997802734375,26
2025-09-26,5.5553998947143555,5.559800148010254,5.545400142669678,5.559199810028076,5549
2025-09-29,5.566400051116943,5.566400051116943,5.561200141906738,5.565400123596191,246
2025-09-30,5.567999839782715,5.567999839782715,5.563000202178955,5.566199779510498,121
2025-10-01,5.5706000328063965,5.5725998878479,5.566800117492676,5.567999839782715,23411
2025-10-02,5.577600002288818,5.577600002288818,5.571000099182129,5.5756001472473145,2111
2025-10-03,5.5767998695373535,5.57859992980957,5.5767998695373535,5.577400207519531,66
2025-10-06,5.563000202178955,5.572999954223633,5.563000202178955,5.572999954223633,46
2025-10-07,5.59660005569458,5.59660005569458,5.569200038909912,5.575200080871582,24051
2025-10-08,5.5802001953125,5.583399772644043,5.5802001953125,5.582600116729736,328
2025-10-09,5.581200122833252,5.583600044250488,5.5756001472473145,5.577000141143799,9646
2025-10-10,5.581399917602539,5.582200050354004,5.57859992980957,5.579800128936768,68968
2025-10-13,5.549600124359131,5.58620023727417,5.549600124359131,5.582600116729736,4666
2025-10-14,5.587200164794922,5.591599941253662,5.585400104522705,5.591599941253662,229
2025-10-15,5.61899995803833,5.61899995803833,5.605999946594238,5.60860013961792,1262
2025-10-16,5.607800006866455,5.610000133514404,5.605199813842773,5.607600212097168,31183
2025-10-17,5.612800121307373,5.612800121307373,5.600599765777588,5.601200103759766,162174
